sku_pos,appearances,top1_rate,avg_rank
1,3154,0.29201014584654406,2.011731135066582
2,3154,0.37349397590361444,1.9889029803424223
3,3154,0.33449587824984145,1.9993658845909956
