{
  "model": "lgbm_pl",
  "params": {
    "metric": "ndcg",
    "ndcg_eval_at": [
      1,
      3
    ],
    "feature_fraction": 0.7,
    "bagging_fraction": 0.8,
    "bagging_freq": 1,
    "reg_alpha": 0.1,
    "verbose": -1,
    "learning_rate": 0.05,
    "num_leaves": 31,
    "min_child_samples": 30,
    "reg_lambda": 0.5
  },
  "cv_balanced": 4.047173868140417,
  "per_metric": {
    "top1_accuracy": 0.7144141854578241,
    "pairwise_accuracy": 0.806692152349426,
    "ndcg@3": 0.9644592018089941,
    "kendall_tau": 0.6135253742601936,
    "nll": 1.1453745126724244,
    "brier_score": 0.39923485698067546,
    "temperature": 0.42000000000000004
  },
  "all_candidates": [
    {
      "params": {
        "metric": "ndcg",
        "ndcg_eval_at": [
          1,
          3
        ],
        "feature_fraction": 0.7,
        "bagging_fraction": 0.8,
        "bagging_freq": 1,
        "reg_alpha": 0.1,
        "verbose": -1,
        "learning_rate": 0.03,
        "num_leaves": 15,
        "min_child_samples": 10,
        "reg_lambda": 0.1
      },
      "balanced": -3.0698662971316737,
      "metrics": {
        "top1_accuracy": 0.7015698704980544,
        "pairwise_accuracy": 0.7964897272061935,
        "ndcg@3": 0.9624432538071988,
        "kendall_tau": 0.5928715707909048,
        "nll": 1.1935123920440673,
        "brier_score": 0.42112892192131895,
        "temperature": 0.48
      }
    },
    {
      "params": {
        "metric": "ndcg",
        "ndcg_eval_at": [
          1,
          3
        ],
        "feature_fraction": 0.7,
        "bagging_fraction": 0.8,
        "bagging_freq": 1,
        "reg_alpha": 0.1,
        "verbose": -1,
        "learning_rate": 0.03,
        "num_leaves": 15,
        "min_child_samples": 10,
        "reg_lambda": 0.5
      },
      "balanced": -2.837867309890127,
      "metrics": {
        "top1_accuracy": 0.7047119499997834,
        "pairwise_accuracy": 0.7954391545092322,
        "ndcg@3": 0.9623737930751645,
        "kendall_tau": 0.5909585235286317,
        "nll": 1.2031276226043701,
        "brier_score": 0.42005402386222074,
        "temperature": 0.58
      }
    },
    {
      "params": {
        "metric": "ndcg",
        "ndcg_eval_at": [
          1,
          3
        ],
        "feature_fraction": 0.7,
        "bagging_fraction": 0.8,
        "bagging_freq": 1,
        "reg_alpha": 0.1,
        "verbose": -1,
        "learning_rate": 0.03,
        "num_leaves": 15,
        "min_child_samples": 30,
        "reg_lambda": 0.1
      },
      "balanced": -1.5774230026466076,
      "metrics": {
        "top1_accuracy": 0.7056577474044341,
        "pairwise_accuracy": 0.7995919869727542,
        "ndcg@3": 0.9629469888436442,
        "kendall_tau": 0.5992095590577219,
        "nll": 1.2080374717712403,
        "brier_score": 0.42976248177430865,
        "temperature": 1.42
      }
    },
    {
      "params": {
        "metric": "ndcg",
        "ndcg_eval_at": [
          1,
          3
        ],
        "feature_fraction": 0.7,
        "bagging_fraction": 0.8,
        "bagging_freq": 1,
        "reg_alpha": 0.1,
        "verbose": -1,
        "learning_rate": 0.03,
        "num_leaves": 15,
        "min_child_samples": 30,
        "reg_lambda": 0.5
      },
      "balanced": -1.260614437279405,
      "metrics": {
        "top1_accuracy": 0.7030352717658472,
        "pairwise_accuracy": 0.7996428802585591,
        "ndcg@3": 0.9628587157638956,
        "kendall_tau": 0.5992709263740296,
        "nll": 1.170705509185791,
        "brier_score": 0.4116284934056177,
        "temperature": 0.52
      }
    },
    {
      "params": {
        "metric": "ndcg",
        "ndcg_eval_at": [
          1,
          3
        ],
        "feature_fraction": 0.7,
        "bagging_fraction": 0.8,
        "bagging_freq": 1,
        "reg_alpha": 0.1,
        "verbose": -1,
        "learning_rate": 0.03,
        "num_leaves": 15,
        "min_child_samples": 50,
        "reg_lambda": 0.1
      },
      "balanced": -1.8326902090296833,
      "metrics": {
        "top1_accuracy": 0.7033290133357941,
        "pairwise_accuracy": 0.7982830874022037,
        "ndcg@3": 0.962777220860216,
        "kendall_tau": 0.5964317586531978,
        "nll": 1.180477499961853,
        "brier_score": 0.41699362571238574,
        "temperature": 0.4800000000000001
      }
    },
    {
      "params": {
        "metric": "ndcg",
        "ndcg_eval_at": [
          1,
          3
        ],
        "feature_fraction": 0.7,
        "bagging_fraction": 0.8,
        "bagging_freq": 1,
        "reg_alpha": 0.1,
        "verbose": -1,
        "learning_rate": 0.03,
        "num_leaves": 15,
        "min_child_samples": 50,
        "reg_lambda": 0.5
      },
      "balanced": -0.18291573405651107,
      "metrics": {
        "top1_accuracy": 0.7064964805252607,
        "pairwise_accuracy": 0.8008322397248888,
        "ndcg@3": 0.963052849476643,
        "kendall_tau": 0.6017768167800576,
        "nll": 1.1742844581604004,
        "brier_score": 0.4163438608646592,
        "temperature": 0.8
      }
    },
    {
      "params": {
        "metric": "ndcg",
        "ndcg_eval_at": [
          1,
          3
        ],
        "feature_fraction": 0.7,
        "bagging_fraction": 0.8,
        "bagging_freq": 1,
        "reg_alpha": 0.1,
        "verbose": -1,
        "learning_rate": 0.03,
        "num_leaves": 31,
        "min_child_samples": 10,
        "reg_lambda": 0.1
      },
      "balanced": 3.3980185488967676,
      "metrics": {
        "top1_accuracy": 0.7124917272697522,
        "pairwise_accuracy": 0.8062925919631286,
        "ndcg@3": 0.9641385364490211,
        "kendall_tau": 0.6127329068977306,
        "nll": 1.1488268613815307,
        "brier_score": 0.4003161801165788,
        "temperature": 0.4
      }
    },
    {
      "params": {
        "metric": "ndcg",
        "ndcg_eval_at": [
          1,
          3
        ],
        "feature_fraction": 0.7,
        "bagging_fraction": 0.8,
        "bagging_freq": 1,
        "reg_alpha": 0.1,
        "verbose": -1,
        "learning_rate": 0.03,
        "num_leaves": 31,
        "min_child_samples": 10,
        "reg_lambda": 0.5
      },
      "balanced": 2.9225387957275046,
      "metrics": {
        "top1_accuracy": 0.7108852540982264,
        "pairwise_accuracy": 0.8058146622078415,
        "ndcg@3": 0.9641573471243892,
        "kendall_tau": 0.6116359778258148,
        "nll": 1.1465433359146118,
        "brier_score": 0.40070336748997626,
        "temperature": 0.4
      }
    },
    {
      "params": {
        "metric": "ndcg",
        "ndcg_eval_at": [
          1,
          3
        ],
        "feature_fraction": 0.7,
        "bagging_fraction": 0.8,
        "bagging_freq": 1,
        "reg_alpha": 0.1,
        "verbose": -1,
        "learning_rate": 0.03,
        "num_leaves": 31,
        "min_child_samples": 30,
        "reg_lambda": 0.1
      },
      "balanced": 2.962278307850041,
      "metrics": {
        "top1_accuracy": 0.711967773141908,
        "pairwise_accuracy": 0.8057876579587863,
        "ndcg@3": 0.9640956103390472,
        "kendall_tau": 0.6118069502863355,
        "nll": 1.1561856746673584,
        "brier_score": 0.4007079496436348,
        "temperature": 0.42000000000000004
      }
    },
    {
      "params": {
        "metric": "ndcg",
        "ndcg_eval_at": [
          1,
          3
        ],
        "feature_fraction": 0.7,
        "bagging_fraction": 0.8,
        "bagging_freq": 1,
        "reg_alpha": 0.1,
        "verbose": -1,
        "learning_rate": 0.03,
        "num_leaves": 31,
        "min_child_samples": 30,
        "reg_lambda": 0.5
      },
      "balanced": 2.8204455020128165,
      "metrics": {
        "top1_accuracy": 0.711458784738876,
        "pairwise_accuracy": 0.8070066109682414,
        "ndcg@3": 0.9645086415433758,
        "kendall_tau": 0.614013221936483,
        "nll": 1.1695907354354858,
        "brier_score": 0.4022499842667576,