{
  "model": "lgbm_pl",
  "params": {
    "metric": "ndcg",
    "ndcg_eval_at": [
      1,
      3
    ],
    "feature_fraction": 0.7,
    "bagging_fraction": 0.8,
    "bagging_freq": 1,
    "reg_alpha": 0.1,
    "verbose": -1,
    "learning_rate": 0.05,
    "num_leaves": 31,
    "min_child_samples": 30,
    "reg_lambda": 0.1
  },
  "cv_balanced": 2.4892081728162863,
  "per_metric": {
    "top1_accuracy": 0.5868699869005459,
    "pairwise_accuracy": 0.705764098443363,
    "ndcg@3": 0.9435343681245572,
    "kendall_tau": 0.411528196886726,
    "nll": 2.5041979789733886,
    "brier_score": 0.5773002037528479,
    "temperature": 4.2
  },
  "all_candidates": [
    {
      "params": {
        "metric": "ndcg",
        "ndcg_eval_at": [
          1,
          3
        ],
        "feature_fraction": 0.7,
        "bagging_fraction": 0.8,
        "bagging_freq": 1,
        "reg_alpha": 0.1,
        "verbose": -1,
        "learning_rate": 0.03,
        "num_leaves": 15,
        "min_child_samples": 10,
        "reg_lambda": 0.1
      },
      "balanced": -0.580490769712884,
      "metrics": {
        "top1_accuracy": 0.5366172053386755,
        "pairwise_accuracy": 0.6770545266477039,
        "ndcg@3": 0.9361722995534285,
        "kendall_tau": 0.35419046243635893,
        "nll": 1.5756143569946288,
        "brier_score": 0.5748273367500022,
        "temperature": 0.72
      }
    },
    {
      "params": {
        "metric": "ndcg",
        "ndcg_eval_at": [
          1,
          3
        ],
        "feature_fraction": 0.7,
        "bagging_fraction": 0.8,
        "bagging_freq": 1,
        "reg_alpha": 0.1,
        "verbose": -1,
        "learning_rate": 0.03,
        "num_leaves": 15,
        "min_child_samples": 10,
        "reg_lambda": 0.5
      },
      "balanced": -1.000538340512387,
      "metrics": {
        "top1_accuracy": 0.5329377837698241,
        "pairwise_accuracy": 0.674659388057133,
        "ndcg@3": 0.9354613630726532,
        "kendall_tau": 0.35050881172077714,
        "nll": 1.6035932302474976,
        "brier_score": 0.5841905825628428,
        "temperature": 0.76
      }
    },
    {
      "params": {
        "metric": "ndcg",
        "ndcg_eval_at": [
          1,
          3
        ],
        "feature_fraction": 0.7,
        "bagging_fraction": 0.8,
        "bagging_freq": 1,
        "reg_alpha": 0.1,
        "verbose": -1,
        "learning_rate": 0.03,
        "num_leaves": 15,
        "min_child_samples": 30,
        "reg_lambda": 0.1
      },
      "balanced": -0.5483096197694348,
      "metrics": {
        "top1_accuracy": 0.5353941336792437,
        "pairwise_accuracy": 0.6785240788553074,
        "ndcg@3": 0.9362058092652352,
        "kendall_tau": 0.35704815771061493,
        "nll": 1.5872232437133789,
        "brier_score": 0.5777099429333283,
        "temperature": 1.7
      }
    },
    {
      "params": {
        "metric": "ndcg",
        "ndcg_eval_at": [
          1,
          3
        ],
        "feature_fraction": 0.7,
        "bagging_fraction": 0.8,
        "bagging_freq": 1,
        "reg_alpha": 0.1,
        "verbose": -1,
        "learning_rate": 0.03,
        "num_leaves": 15,
        "min_child_samples": 30,
        "reg_lambda": 0.5
      },
      "balanced": -2.1166435817848788,
      "metrics": {
        "top1_accuracy": 0.5247192571711388,
        "pairwise_accuracy": 0.6670879572784563,
        "ndcg@3": 0.9339600465820379,
        "kendall_tau": 0.33488095171649046,
        "nll": 1.6029098510742188,
        "brier_score": 0.5873084194688302,
        "temperature": 1.1
      }
    },
    {
      "params": {
        "metric": "ndcg",
        "ndcg_eval_at": [
          1,
          3
        ],
        "feature_fraction": 0.7,
        "bagging_fraction": 0.8,
        "bagging_freq": 1,
        "reg_alpha": 0.1,
        "verbose": -1,
        "learning_rate": 0.03,
        "num_leaves": 15,
        "min_child_samples": 50,
        "reg_lambda": 0.1
      },
      "balanced": -0.692386567430394,
      "metrics": {
        "top1_accuracy": 0.5447334183873005,
        "pairwise_accuracy": 0.6794097949747314,
        "ndcg@3": 0.937366246722917,
        "kendall_tau": 0.35884081247117,
        "nll": 1.9053175926208497,
        "brier_score": 0.5889808615215776,
        "temperature": 1.94
      }
    },
    {
      "params": {
        "metric": "ndcg",
        "ndcg_eval_at": [
          1,
          3
        ],
        "feature_fraction": 0.7,
        "bagging_fraction": 0.8,
        "bagging_freq": 1,
        "reg_alpha": 0.1,
        "verbose": -1,
        "learning_rate": 0.03,
        "num_leaves": 15,
        "min_child_samples": 50,
        "reg_lambda": 0.5
      },
      "balanced": -2.0835328259338066,
      "metrics": {
        "top1_accuracy": 0.5238118953728288,
        "pairwise_accuracy": 0.6680247775793204,
        "ndcg@3": 0.93399247366173,
        "kendall_tau": 0.3366675358772108,
        "nll": 1.6010738372802735,
        "brier_score": 0.5852584971768772,
        "temperature": 0.9600000000000002
      }
    },
    {
      "params": {
        "metric": "ndcg",
        "ndcg_eval_at": [
          1,
          3
        ],
        "feature_fraction": 0.7,
        "bagging_fraction": 0.8,
        "bagging_freq": 1,
        "reg_alpha": 0.1,
        "verbose": -1,
        "learning_rate": 0.03,
        "num_leaves": 31,
        "min_child_samples": 10,
        "reg_lambda": 0.1
      },
      "balanced": 2.4659274426214504,
      "metrics": {
        "top1_accuracy": 0.582588212153635,
        "pairwise_accuracy": 0.7061491816326975,
        "ndcg@3": 0.9433217276652865,
        "kendall_tau": 0.4122431756274259,
        "nll": 2.427132415771484,
        "brier_score": 0.5615124111806239,
        "temperature": 2.54
      }
    },
    {
      "params": {
        "metric": "ndcg",
        "ndcg_eval_at": [
          1,
          3
        ],
        "feature_fraction": 0.7,
        "bagging_fraction": 0.8,
        "bagging_freq": 1,
        "reg_alpha": 0.1,
        "verbose": -1,
        "learning_rate": 0.03,
        "num_leaves": 31,
        "min_child_samples": 10,
        "reg_lambda": 0.5
      },
      "balanced": -0.2191370393702523,
      "metrics": {
        "top1_accuracy": 0.5549701342725457,
        "pairwise_accuracy": 0.688247355501323,
        "ndcg@3": 0.9389024142567692,
        "kendall_tau": 0.37649471100264603,
        "nll": 2.2757451057434084,
        "brier_score": 0.5870046345055392,
        "temperature": 3.2399999999999998
      }
    },
    {
      "params": {
        "metric": "ndcg",
        "ndcg_eval_at": [
          1,
          3
        ],
        "feature_fraction": 0.7,
        "bagging_fraction": 0.8,
        "bagging_freq": 1,
        "reg_alpha": 0.1,
        "verbose": -1,
        "learning_rate": 0.03,
        "num_leaves": 31,
        "min_child_samples": 30,
        "reg_lambda": 0.1
      },
      "balanced": 1.6259727506205228,
      "metrics": {
        "top1_accuracy": 0.5832336945532246,
        "pairwise_accuracy": 0.702580853735625,
        "ndcg@3": 0.9428641227005713,
        "kendall_tau": 0.40516170747125,
        "nll": 2.677227735519409,
        "brier_score": 0.5699069642525585,
        "temperature": 3.4
      }
    },
    {
      "params": {
        "metric": "ndcg",
        "ndcg_eval_at": [
          1,
          3
        ],
        "feature_fraction": 0.7,
        "bagging_fraction": 0.8,
        "bagging_freq": 1,
        "reg_alpha": 0.1,
        "verbose": -1,
        "learning_rate": 0.03,
        "num_leaves": 31,
        "min_child_samples": 30,
        "reg_lambda": 0.5
      },
      "balanced": -0.3175518872010604,
      "metrics": {
        "top1_accuracy": 0.5507418346958257,
        "pairwise_accuracy": 0.6833090958019244,
        "ndcg@3": 0.9376625444821342,
        "kendall_tau": 0.366618191603849,
        "nll": 2.0305279970169066,
        "brier_score": 0.5835005693255136,