column,count,mean,std,min,25%,50%,75%,max
response_chars,3000.0,280.6243333333333,29.708743006493854,184.0,261.0,280.0,300.0,405.0
cost_usd,3000.0,0.0016102299999999998,0.00012000675108829887,0.001225,0.001531,0.001605,0.001688,0.002068
Y3_numeric_count,3000.0,2.3076666666666665,1.3970176955582165,0.0,1.0,2.0,3.0,7.0
Y3_numeric_density,3000.0,0.8142633333333333,0.4861443915601317,0.0,0.39,0.81,1.1424999999999998,2.27
Y4_safety_kw,3000.0,6.264,1.7437462211078412,1.0,5.0,6.0,7.0,14.0
Y4_skin_type_kw,3000.0,2.397,1.1421438164693474,0.0,2.0,2.0,3.0,8.0
Y4_total,3000.0,8.661,2.4058279938748814,1.0,7.0,9.0,10.0,20.0
