column,sentinel_count,sentinel_pct
ph_value,321,98.1651376146789
aggregate_rating_value,127,38.837920489296636
aggregate_rating_count,126,38.53211009174312
volume_ml,65,19.877675840978593
