column,count,mean,std,min,25%,50%,75%,max
response_chars,3000.0,260.80033333333336,27.538504975899805,179.0,241.0,258.0,277.0,388.0
cost_usd,3000.0,0.001115015,8.195085573634139e-05,0.000854,0.001058,0.00111,0.001168,0.001475
Y3_numeric_count,3000.0,0.694,1.0773815094813555,0.0,0.0,0.0,1.0,6.0
Y3_numeric_density,3000.0,0.26028333333333337,0.4003314145422249,0.0,0.0,0.0,0.4,2.63
Y4_safety_kw,3000.0,6.979,1.636291992227531,2.0,6.0,7.0,8.0,13.0
Y4_skin_type_kw,3000.0,3.2666666666666666,1.3399579787007438,0.0,2.0,3.0,4.0,9.0
Y4_total,3000.0,10.245666666666667,2.318715169132986,3.0,9.0,10.0,12.0,18.0
