{
  "model": "lgbm_pl",
  "params": {
    "metric": "ndcg",
    "ndcg_eval_at": [
      1,
      3
    ],
    "feature_fraction": 0.7,
    "bagging_fraction": 0.8,
    "bagging_freq": 1,
    "reg_alpha": 0.1,
    "verbose": -1,
    "learning_rate": 0.03,
    "num_leaves": 31,
    "min_child_samples": 50,
    "reg_lambda": 0.1
  },
  "cv_balanced": 5.258702489052544,
  "per_metric": {
    "top1_accuracy": 0.6688709878483484,
    "pairwise_accuracy": 0.7616328590226011,
    "ndcg@3": 0.9557463950409903,
    "kendall_tau": 0.5232657180452023,
    "nll": 1.3531674861907959,
    "brier_score": 0.45598192237163077,
    "temperature": 1.3199999999999998
  },
  "all_candidates": [
    {
      "params": {
        "metric": "ndcg",
        "ndcg_eval_at": [
          1,
          3
        ],
        "feature_fraction": 0.7,
        "bagging_fraction": 0.8,
        "bagging_freq": 1,
        "reg_alpha": 0.1,
        "verbose": -1,
        "learning_rate": 0.03,
        "num_leaves": 15,
        "min_child_samples": 10,
        "reg_lambda": 0.1
      },
      "balanced": -3.3210879085034537,
      "metrics": {
        "top1_accuracy": 0.6451104663303108,
        "pairwise_accuracy": 0.7428707998419822,
        "ndcg@3": 0.9514594846150285,
        "kendall_tau": 0.48579421773989484,
        "nll": 1.4389339447021485,
        "brier_score": 0.490824951470681,
        "temperature": 0.9400000000000001
      }
    },
    {
      "params": {
        "metric": "ndcg",
        "ndcg_eval_at": [
          1,
          3
        ],
        "feature_fraction": 0.7,
        "bagging_fraction": 0.8,
        "bagging_freq": 1,
        "reg_alpha": 0.1,
        "verbose": -1,
        "learning_rate": 0.03,
        "num_leaves": 15,
        "min_child_samples": 10,
        "reg_lambda": 0.5
      },
      "balanced": -3.236099566966409,
      "metrics": {
        "top1_accuracy": 0.6442281513441273,
        "pairwise_accuracy": 0.7449198251154766,
        "ndcg@3": 0.9520867933680182,
        "kendall_tau": 0.49027276709152784,
        "nll": 1.4482431650161742,
        "brier_score": 0.5039907096402004,
        "temperature": 1.7599999999999998
      }
    },
    {
      "params": {
        "metric": "ndcg",
        "ndcg_eval_at": [
          1,
          3
        ],
        "feature_fraction": 0.7,
        "bagging_fraction": 0.8,
        "bagging_freq": 1,
        "reg_alpha": 0.1,
        "verbose": -1,
        "learning_rate": 0.03,
        "num_leaves": 15,
        "min_child_samples": 30,
        "reg_lambda": 0.1
      },
      "balanced": -3.08060346602378,
      "metrics": {
        "top1_accuracy": 0.6472048854856455,
        "pairwise_accuracy": 0.748742575576421,
        "ndcg@3": 0.9525799100902888,
        "kendall_tau": 0.4974851511528421,
        "nll": 1.48776695728302,
        "brier_score": 0.515235157634904,
        "temperature": 2.54
      }
    },
    {
      "params": {
        "metric": "ndcg",
        "ndcg_eval_at": [
          1,
          3
        ],
        "feature_fraction": 0.7,
        "bagging_fraction": 0.8,
        "bagging_freq": 1,
        "reg_alpha": 0.1,
        "verbose": -1,
        "learning_rate": 0.03,
        "num_leaves": 15,
        "min_child_samples": 30,
        "reg_lambda": 0.5
      },
      "balanced": -2.3217752589806944,
      "metrics": {
        "top1_accuracy": 0.6423453603417215,
        "pairwise_accuracy": 0.7451404424744574,
        "ndcg@3": 0.9518826361331971,
        "kendall_tau": 0.49028088494891475,
        "nll": 1.3975535392761231,
        "brier_score": 0.4804967316596883,
        "temperature": 0.9800000000000001
      }
    },
    {
      "params": {
        "metric": "ndcg",
        "ndcg_eval_at": [
          1,
          3
        ],
        "feature_fraction": 0.7,
        "bagging_fraction": 0.8,
        "bagging_freq": 1,
        "reg_alpha": 0.1,
        "verbose": -1,
        "learning_rate": 0.03,
        "num_leaves": 15,
        "min_child_samples": 50,
        "reg_lambda": 0.1
      },
      "balanced": -1.022258072537248,
      "metrics": {
        "top1_accuracy": 0.6494534870556492,
        "pairwise_accuracy": 0.7489615758173594,
        "ndcg@3": 0.9531138735895258,
        "kendall_tau": 0.49792315163471895,
        "nll": 1.412736439704895,
        "brier_score": 0.48372961354362926,
        "temperature": 1.6
      }
    },
    {
      "params": {
        "metric": "ndcg",
        "ndcg_eval_at": [
          1,
          3
        ],
        "feature_fraction": 0.7,
        "bagging_fraction": 0.8,
        "bagging_freq": 1,
        "reg_alpha": 0.1,
        "verbose": -1,
        "learning_rate": 0.03,
        "num_leaves": 15,
        "min_child_samples": 50,
        "reg_lambda": 0.5
      },
      "balanced": -0.6270189524297114,
      "metrics": {
        "top1_accuracy": 0.6530206172284299,
        "pairwise_accuracy": 0.7484780635055962,
        "ndcg@3": 0.952914247550779,
        "kendall_tau": 0.49695612701119246,
        "nll": 1.4121506214141846,
        "brier_score": 0.48323503092567427,
        "temperature": 2.0
      }
    },
    {
      "params": {
        "metric": "ndcg",
        "ndcg_eval_at": [
          1,
          3
        ],
        "feature_fraction": 0.7,
        "bagging_fraction": 0.8,
        "bagging_freq": 1,
        "reg_alpha": 0.1,
        "verbose": -1,
        "learning_rate": 0.03,
        "num_leaves": 31,
        "min_child_samples": 10,
        "reg_lambda": 0.1
      },
      "balanced": -1.1117344916911414,
      "metrics": {
        "top1_accuracy": 0.6514482340175711,
        "pairwise_accuracy": 0.7499928174405591,
        "ndcg@3": 0.9531352343940815,
        "kendall_tau": 0.4999856348811183,
        "nll": 1.4364699840545654,
        "brier_score": 0.49524509449248805,
        "temperature": 1.7399999999999998
      }
    },
    {
      "params": {
        "metric": "ndcg",
        "ndcg_eval_at": [
          1,
          3
        ],
        "feature_fraction": 0.7,
        "bagging_fraction": 0.8,
        "bagging_freq": 1,
        "reg_alpha": 0.1,
        "verbose": -1,
        "learning_rate": 0.03,
        "num_leaves": 31,
        "min_child_samples": 10,
        "reg_lambda": 0.5
      },
      "balanced": 2.1812494033236502,
      "metrics": {
        "top1_accuracy": 0.660929439695952,
        "pairwise_accuracy": 0.7556895508246088,
        "ndcg@3": 0.9547380758864694,
        "kendall_tau": 0.5113791016492177,
        "nll": 1.3935594320297242,
        "brier_score": 0.47915661624406347,
        "temperature": 1.6800000000000002
      }
    },
    {
      "params": {
        "metric": "ndcg",
        "ndcg_eval_at": [
          1,
          3
        ],
        "feature_fraction": 0.7,
        "bagging_fraction": 0.8,
        "bagging_freq": 1,
        "reg_alpha": 0.1,
        "verbose": -1,
        "learning_rate": 0.03,
        "num_leaves": 31,
        "min_child_samples": 30,
        "reg_lambda": 0.1
      },
      "balanced": 0.7926517140848602,
      "metrics": {
        "top1_accuracy": 0.6531845313929885,
        "pairwise_accuracy": 0.7514509022894398,
        "ndcg@3": 0.953462188395711,
        "kendall_tau": 0.5028370550733803,
        "nll": 1.3749547481536866,
        "brier_score": 0.4709517463437848,
        "temperature": 0.54
      }
    },
    {
      "params": {
        "metric": "ndcg",
        "ndcg_eval_at": [
          1,
          3
        ],
        "feature_fraction": 0.7,
        "bagging_fraction": 0.8,
        "bagging_freq": 1,
        "reg_alpha": 0.1,
        "verbose": -1,
        "learning_rate": 0.03,
        "num_leaves": 31,
        "min_child_samples": 30,
        "reg_lambda": 0.5
      },
      "balanced": 1.9538941100749243,
      "metrics": {
        "top1_accuracy": 0.6549402196816263,
        "pairwise_accuracy": 0.7563269251595663,
        "ndcg@3": 0.9543115590313089,
        "kendall_tau": 0.512601718665987,
        "nll": 1.3738983154296875,