{
  "protocol": "step2",
  "engine": "openai",
  "regression": {
    "LinearRegression": {
      "train_rmse": 2.617374510053103,
      "val_rmse": 2.632169457673715
    },
    "Ridge(alpha=1)": {
      "train_rmse": 2.6174178276999456,
      "val_rmse": 2.6318555151669916
    }
  },
  "best_model": "Ridge(alpha=1)",
  "calibration": {
    "temperature": 3.0
  },
  "val_ranking": {
    "top1_accuracy": 0.4551971326164875,
    "pairwise_accuracy": 0.6308243727598566,
    "ndcg@3": 0.9249811274721246,
    "kendall_tau": 0.2616487455197133,
    "nll": 1.6225813627243042,
    "brier_score": 0.6072294883860331
  },
  "test_ranking": {
    "top1_accuracy": 0.41687041564792177,
    "pairwise_accuracy": 0.589242053789731,
    "ndcg@3": 0.9139872377736201,
    "kendall_tau": 0.1784841075794621,
    "nll": 1.8148337602615356,
    "brier_score": 0.6638492837753495
  }
}