sku_pos,appearances,top1_rate,avg_rank
1,3709,0.29468859530870856,2.0107845780533835
2,3709,0.3793475330277703,1.9733081693178753
3,3709,0.32596387166352114,2.015907252628741
